date,ticker,name,sector,price,total_score,action
2026-08-11,FICO,Fair Isaac Corporation,Technology,1040.0,122,STRONG BUY
2026-08-11,MU,"Micron Technology, Inc.",Technology,861.0,116,STRONG BUY
2026-08-11,000660.KS,SK hynix,Technology,1425000.0,104,STRONG BUY
2026-08-11,402340.KS,SKSQUARE,Technology,945000.0,102,STRONG BUY
2026-08-11,NVDA,NVIDIA Corporation,Technology,221.845,101,STRONG BUY
2026-08-11,SKHY,SK hynix Inc.,Technology,138.92,100,STRONG BUY
2026-08-11,016360.KS,SamsungSecu,Financial Services,92700.0,100,STRONG BUY
2026-08-11,NXPI,NXP Semiconductors N.V.,Technology,237.825,99,BUY
2026-08-11,SM,SM Energy Company,Energy,31.82,98,BUY
2026-08-11,SDR.L,SCHRODERS PLC ORD 20P,Financial Services,582.5,97,BUY
2026-08-11,DHT,"DHT Holdings, Inc.",Energy,18.35,96,BUY
2026-08-11,INTU,Intuit Inc.,Technology,333.98,96,BUY
2026-08-11,APP,Applovin Corporation,Communication Services,327.98,93,BUY
2026-08-11,G24.DE,Scout24 SE                    N,Communication Services,76.35,92,BUY
2026-08-11,005930.KS,SamsungElec,Technology,239500.0,90,BUY
2026-08-11,ALL,Allstate Corporation (The),Financial Services,267.13,89,BUY
2026-08-11,TPL,Texas Pacific Land Corporation,Energy,351.9999,89,BUY
2026-08-11,KGC,Kinross Gold Corporation,Basic Materials,27.4,88,BUY
2026-08-11,006800.KS,MIRAE ASSET SEC,Financial Services,35500.0,88,BUY
2026-08-11,ADI,"Analog Devices, Inc.",Technology,388.0,87,BUY
2026-08-11,CINF,Cincinnati Financial Corporatio,Financial Services,172.62,87,BUY
2026-08-11,EOG,"EOG Resources, Inc.",Energy,141.875,87,BUY
2026-08-11,278470.KS,APR,Consumer Defensive,385500.0,87,BUY
2026-08-11,039490.KS,KIWOOM,Financial Services,300000.0,87,BUY
2026-08-11,259960.KS,KRAFTON,Communication Services,244000.0,87,BUY
2026-08-11,AR,Antero Resources Corporation,Energy,37.07,86,BUY
2026-08-11,SCHW,Charles Schwab Corporation (The,Financial Services,107.67,86,BUY
2026-08-11,AAF.L,AIRTEL AFRICA PLC ORD USD0.50,Communication Services,326.6,86,BUY
2026-08-11,036570.KS,NC,Communication Services,255500.0,86,BUY
2026-08-11,IAG,Iamgold Corporation,Basic Materials,18.43,85,BUY
2026-08-17,FICO,Fair Isaac Corporation,Technology,1085.78,122,STRONG BUY
2026-08-17,MU,"Micron Technology, Inc.",Technology,971.66,103,STRONG BUY
2026-08-17,NVDA,NVIDIA Corporation,Technology,225.16,102,STRONG BUY
2026-08-17,000660.KS,SK hynix,Technology,1645000.0,102,STRONG BUY
2026-08-17,016360.KS,SamsungSecu,Financial Services,93000.0,100,STRONG BUY
2026-08-17,INTU,Intuit Inc.,Technology,345.66,99,BUY
2026-08-17,RDDT,"Reddit, Inc.",Communication Services,178.09,97,BUY
2026-08-17,NXPI,NXP Semiconductors N.V.,Technology,234.71,97,BUY
2026-08-17,SDR.L,SCHRODERS PLC ORD 20P,Financial Services,583.0,97,BUY
2026-08-17,PBR-A,Petroleo Brasileiro S.A. Petrob,Energy,16.07,94,BUY
2026-08-17,PBR,Petroleo Brasileiro S.A. Petrob,Energy,17.88,92,BUY
2026-08-17,ADI,"Analog Devices, Inc.",Technology,389.39,92,BUY
2026-08-17,G24.DE,Scout24 SE                    N,Communication Services,78.0,92,BUY
2026-08-17,SKHY,SK hynix Inc.,Technology,166.33,91,BUY
2026-08-17,NLY,Annaly Capital Management Inc.,Real Estate,23.33,89,BUY
2026-08-17,TAL,TAL Education Group,Consumer Defensive,11.65,89,BUY
2026-08-17,CINF,Cincinnati Financial Corporatio,Financial Services,173.17,89,BUY
2026-08-17,483650.KS,d'Alba Global,Consumer Defensive,228500.0,89,BUY
2026-08-17,CRM,"Salesforce, Inc.",Technology,196.21,87,BUY
2026-08-17,EOG,"EOG Resources, Inc.",Energy,142.61,87,BUY
2026-08-17,278470.KS,APR,Consumer Defensive,390500.0,87,BUY
2026-08-17,039490.KS,KIWOOM,Financial Services,300500.0,87,BUY
2026-08-17,GOOG,Alphabet Inc.,Communication Services,343.54,86,BUY
2026-08-17,AAF.L,AIRTEL AFRICA PLC ORD USD0.50,Communication Services,329.2,86,BUY
2026-08-17,ABI.BR,AB INBEV,Consumer Defensive,68.62,86,BUY
2026-08-17,VG,"Venture Global, Inc.",Energy,13.99,85,BUY
2026-08-17,KGC,Kinross Gold Corporation,Basic Materials,27.31,85,BUY
2026-08-17,ALL,Allstate Corporation (The),Financial Services,261.41,85,BUY
2026-08-17,ADSK,"Autodesk, Inc.",Technology,251.66,85,BUY
2026-08-17,FRES.L,Fresnillo plc,Basic Materials,2880.0,85,BUY
2026-08-24,FICO,Fair Isaac Corporation,Technology,1172.67,117,STRONG BUY
2026-08-24,402340.KS,SKSQUARE,Technology,1082000.0,103,STRONG BUY
2026-08-24,NVDA,NVIDIA Corporation,Technology,214.72,101,STRONG BUY
2026-08-24,000660.KS,SK hynix,Technology,1700000.0,100,STRONG BUY
2026-08-24,MU,"Micron Technology, Inc.",Technology,966.78,98,BUY
2026-08-24,SKHY,SK hynix Inc.,Technology,163.41,97,BUY
2026-08-24,SDR.L,SCHRODERS PLC ORD 20P,Financial Services,584.0,95,BUY
2026-08-24,GOOG,Alphabet Inc.,Communication Services,341.75,94,BUY
2026-08-24,INTU,Intuit Inc.,Technology,367.0,92,BUY
2026-08-24,G24.DE,Scout24 SE                    N,Communication Services,77.45,92,BUY
2026-08-24,PBR,Petroleo Brasileiro S.A. Petrob,Energy,19.15,91,BUY
2026-08-24,PBR-A,Petroleo Brasileiro S.A. Petrob,Energy,17.22,91,BUY
2026-08-24,NXPI,NXP Semiconductors N.V.,Technology,225.56,91,BUY
2026-08-24,192080.KS,DoubleUGames,Communication Services,58550.0,91,BUY
2026-08-24,016360.KS,SamsungSecu,Financial Services,86400.0,91,BUY
2026-08-24,ABI.BR,AB INBEV,Consumer Defensive,67.16,90,BUY
2026-08-24,PARR,"Par Pacific Holdings, Inc. Comm",Energy,79.03,89,BUY
2026-08-24,GOOGL,Alphabet Inc.,Communication Services,344.82,89,BUY
2026-08-24,UU.L,UNITED UTILITIES GROUP PLC ORD ,Utilities,1424.0,89,BUY
2026-08-24,TSM,Taiwan Semiconductor Manufactur,Technology,418.95,88,BUY
2026-08-24,FRES.L,FRESNILLO PLC ORD USD0.50,Basic Materials,3219.0,88,BUY
2026-08-24,AVGO,Broadcom Inc.,Technology,368.45,87,BUY
2026-08-24,AMP,"Ameriprise Financial, Inc.",Financial Services,555.59,87,BUY
2026-08-24,BKNG,Booking Holdings Inc. Common St,Consumer Cyclical,209.62,87,BUY
2026-08-24,039490.KS,KIWOOM,Financial Services,266000.0,87,BUY
2026-08-24,CINF,Cincinnati Financial Corporatio,Financial Services,168.29,86,BUY
2026-08-24,ADSK,"Autodesk, Inc.",Technology,253.825,85,BUY
2026-08-24,INCY,Incyte Corporation,Healthcare,127.81,85,BUY
2026-08-24,CRM,"Salesforce, Inc.",Technology,209.17,85,BUY
2026-08-24,005930.KS,SamsungElec,Technology,257250.0,85,BUY
